Workbook

Sheet input-output
G1: tooltip on hover over column D | I1: Drop-down choice lists
B2: Estimez le coût de vos visites à Barcelone | I2: age | J2: Sagrada Familia | K2: Casa Batllo | L2: La Pedrera / Casa Mila | M2: Palau Güell | N2: Casa Vicens | O2: Casa Amatler | P2: Palau de la musica | Q2: Hospital Sant Pau | R2: Musée Picasso | S2: Musée Miro | T2: MNAC | U2: Parc Güell
I3: 30-99 | J3: visite simple | K3: visite simple | L3: visite simple | M3: visite simple | N3: visite avec horaire spécifique | O3: visite avec audio | P3: visite simple | Q3: visite simple | R3: visite simple | S3: visite simple | T3: visite simple | U3: visite simple
B4: Entrez l’age des membres de votre famille et choisissez les visites que vous souhaîtez faire pour voir une estimation du coût personalisé pour vous. | I4: 29 | J4: avec guide | K4: – | L4: – | M4: – | N4: sans contrainte horaire | O4: avec guide | P4: avec audio (uniquement sur son propre téléphone) | Q4: avec guide | R4: avec audio | S4: avec guide | T4: – | U4: avec guide
B5: Vous pouvez utiliser cet outil aussi pour vérifier plus facilement que la plupart des cartes d’entrées combinées à Barcelone ne valent pas le coût. | I5: 28 | J5: avec visite de la tour | N5: – | O5: – | P5: avec guide | Q5: – | R5: – | S5: – | U5: –
I6: 27 | J6: avec guide et visite de la tour | P6: –
B7: Ages des membres de la famille | E7: Age | I7: 26 | J7: –
B8: Les grilles tarifaires des différentes visites utilisent l’âge selon des critères variés. Mettez l’âge exact au moment de la visite pour un calcul du prix correct. | D8: 1 | E8: 30-99 | I8: 25
D9: 2 | E9: 30-99 | I9: 24
D10: 3 | E10: 22 | I10: 23
D11: 4 | E11: 16 | I11: 22
D12: 5 | E12: 12 | I12: 21
D13: 6 | E13: - | I13: 20
I14: 19
B15: Prix pour un achat en avance en ligne, les prix sur place sont souvent plus haut, voir sur les sites. | I15: 18
B16: Ils existent souvent des réductions: Séniors, handicapés etc. - voir sur les sites. | I16: 17
B17: Dernière mise à jour des prix ici en avril 2026 – ils ont potentiellement changés depuis. | I17: 16
I18: 15
B19: visite simple | C19: Sagrada Familia | E19: =SUMIF(calc!A$12:A$34,B19&C19,calc!E$12:E$34) -> 124 | G19: =calc!C12&" : "&calc!D12&" "&calc!C13&" : "&calc!D13&" "&calc!C14&" : "&calc!D14&" "&calc!C15&" : "&calc!D15 -> visite simple : 26€ / -30 ans : 24€ / - de 11 ans : gratuit avec guide : 30€ / -30 ans : 28€ / - de 11 ans : gratuit avec visite de la tour : 36€ / -30 ans : 34€ / - de 11 ans : gratuit avec guide et visite de la tour : 36€ / -30 ans : 34€ / - de 11 ans : gratuit | I19: 14
B20: visite simple | C20: Casa Batllo | E20: =SUMIF(calc!A$12:A$34,B20&C20,calc!E$12:E$34) -> 110 | G20: =calc!C16&" : "&calc!D16 -> visite simple : 29€ / 13-17 ans : 23€ / - de 13 ans : gratuit | I20: 13
B21: visite simple | C21: La Pedrera / Casa Mila | E21: =SUMIF(calc!A$12:A$34,B21&C21,calc!E$12:E$34) -> 100 | G21: =calc!C17&" : "&calc!D17 -> visite simple : 25€/ 12-17 ans 12.50€ / - de 12 ans : gratuit | I21: 12
B22: visite simple | C22: Palau Güell | D22: * | E22: =SUMIF(calc!A$12:A$34,B22&C22,calc!E$12:E$34) -> 50 | G22: =calc!C18&" : "&calc!D18 -> visite simple : 15€/ 13-17 ans : 5€ / - de 13 ans : gratuit | I22: 11
B23: visite avec horaire spécifique | C23: Casa Vicens | E23: =SUMIF(calc!A$12:A$34,B23&C23,calc!E$12:E$34) -> 114 | G23: =calc!C19&" : "&calc!D19&" "&calc!C20&" : "&calc!D20 -> visite avec horaire spécifique : 24€/ -30 ans : 22€ / - de 12 ans : gratuit sans contrainte horaire : 27€/ -30 ans : 25€ / - de 12 ans : gratuit | I23: 10
B24: visite avec audio | C24: Casa Amatler | E24: =SUMIF(calc!A$12:A$34,B24&C24,calc!E$12:E$34) -> 84 | G24: =calc!C21&" : "&calc!D21&" "&calc!C22&" : "&calc!D22 -> visite avec audio : 21€/ 8-24 ans : 14€ / - de 8 ans : gratuit avec guide : 23€/ 8-24 ans : 16€ / - de 8 ans : gratuit | I24: 9
B25: visite simple | C25: Palau de la musica | D25: ** | E25: =SUMIF(calc!A$12:A$34,B25&C25,calc!E$12:E$34) -> 100 | G25: =calc!C23&" : "&calc!D23&" "&calc!C24&" : "&calc!D24&" "&calc!C25&" : "&calc!D25 -> visite simple : 20€ / Billet famille 60€ (2+2) / -10 ans : gratuit avec audio (uniquement sur son propre téléphone) : 24€ / -10 ans : gratuit avec guide : 24€ / Billet famille 72€ (2+2) / -10 ans : gratuit | I25: 8
B26: visite simple | C26: Hospital Sant Pau | D26: ** | E26: =SUMIF(calc!A$12:A$34,B26&C26,calc!E$12:E$34) -> 79.2 | G26: =calc!C26&" : "&calc!D26&" "&calc!C27&" : "&calc!D27 -> visite simple : 18€ / 12-24 ans : 12.60€ / -12 ans gratuit avec guide : 21€ / 12-24 ans : 14.70€ / -12 ans 5€ | I26: 7
B27: visite simple | C27: Musée Picasso | D27: * | E27: =SUMIF(calc!A$12:A$34,B27&C27,calc!E$12:E$34) -> 36 | G27: =calc!C28&" : "&calc!D28&" "&calc!C29&" : "&calc!D29 -> visite simple : 12€ / - de 18 ans gratuit avec audio : 17€ / - de 18 ans 5€ | I27: 0-6
B28: visite simple | C28: Musée Miro | E28: =SUMIF(calc!A$12:A$34,B28&C28,calc!E$12:E$34) -> 56 | G28: =calc!C30&" : "&calc!D30&" "&calc!C31&" : "&calc!D31 -> visite simple : 17€ / 13-25 ans : 11€ / 0-12 ans : gratuit avec guide : 24€ / 13-25 ans : 18€ / 0-12 ans : 7€ | I28: –
B29: visite simple | C29: MNAC | D29: * | E29: =SUMIF(calc!A$12:A$34,B29&C29,calc!E$12:E$34) -> 48 | G29: =calc!C32&" : "&calc!D32 -> visite simple : 12€ /-16 ans : gratuit
B30: visite simple | C30: Parc Güell | E30: =SUMIF(calc!A$12:A$34,B30&C30,calc!E$12:E$34) -> 85.5 | G30: =calc!C33&" : "&calc!D33&" "&calc!C34&" : "&calc!D34 -> visite simple : 18€ / 7-12 ans ; 13.50€ / - 7 ans : gratuit avec guide : 35€ / 7-12 ans ; 30.50€ / - 7 ans : gratuit
C32: Total | E32: =SUM(E19:E30) -> 986.7
B34: * Possible d’éntrée gratuite certains jours – voir l’article pour les détails
B35: ** Possibilité d’acheter un billet combiné moins cher (uniquement en ligne et uniquement sans guide, voir sur le site pour plus de détails)

Sheet calc
C1: Age | G1: 30-99 | H1: 29 | I1: 28 | J1: 27 | K1: 26 | L1: 25 | M1: 24 | N1: 23 | O1: 22 | P1: 21 | Q1: 20 | R1: 19 | S1: 18 | T1: 17 | U1: 16 | V1: 15 | W1: 14 | X1: 13 | Y1: 12 | Z1: 11 | AA1: 10 | AB1: 9 | AC1: 8 | AD1: 7 | AE1: 0-6 | AF1: – | AG1: familleParents | AH1: familleEnfants | AI1: famille
B2: 1 | C2: ='input-output'!E8 -> 30-99 | G2: =($C2=G$1)*1 -> 1 | H2: =($C2=H$1)*1 -> 0 | I2: =($C2=I$1)*1 -> 0 | J2: =($C2=J$1)*1 -> 0 | K2: =($C2=K$1)*1 -> 0 | L2: =($C2=L$1)*1 -> 0 | M2: =($C2=M$1)*1 -> 0 | N2: =($C2=N$1)*1 -> 0 | ... AF2: =($C2=AF$1)*1 -> 0 | AG2: =SUM(G2:Q2) -> 1 | AH2: =SUM(U2:AA2) -> 0
B3: 2 | C3: ='input-output'!E9 -> 30-99 | G3: =($C3=G$1)*1 -> 1 | H3: =($C3=H$1)*1 -> 0 | I3: =($C3=I$1)*1 -> 0 | J3: =($C3=J$1)*1 -> 0 | K3: =($C3=K$1)*1 -> 0 | L3: =($C3=L$1)*1 -> 0 | M3: =($C3=M$1)*1 -> 0 | N3: =($C3=N$1)*1 -> 0 | ... AF3: =($C3=AF$1)*1 -> 0 | AG3: =SUM(G3:Q3) -> 1 | AH3: =SUM(U3:AA3) -> 0
B4: 3 | C4: ='input-output'!E10 -> 22 | G4: =($C4=G$1)*1 -> 0 | H4: =($C4=H$1)*1 -> 0 | I4: =($C4=I$1)*1 -> 0 | J4: =($C4=J$1)*1 -> 0 | K4: =($C4=K$1)*1 -> 0 | L4: =($C4=L$1)*1 -> 0 | M4: =($C4=M$1)*1 -> 0 | N4: =($C4=N$1)*1 -> 0 | ... AF4: =($C4=AF$1)*1 -> 0 | AG4: =SUM(G4:Q4) -> 1 | AH4: =SUM(U4:AA4) -> 0
B5: 4 | C5: ='input-output'!E11 -> 16 | G5: =($C5=G$1)*1 -> 0 | H5: =($C5=H$1)*1 -> 0 | I5: =($C5=I$1)*1 -> 0 | J5: =($C5=J$1)*1 -> 0 | K5: =($C5=K$1)*1 -> 0 | L5: =($C5=L$1)*1 -> 0 | M5: =($C5=M$1)*1 -> 0 | N5: =($C5=N$1)*1 -> 0 | ... AF5: =($C5=AF$1)*1 -> 0 | AG5: =SUM(G5:Q5) -> 0 | AH5: =SUM(U5:AA5) -> 1
B6: 5 | C6: ='input-output'!E12 -> 12 | G6: =($C6=G$1)*1 -> 0 | H6: =($C6=H$1)*1 -> 0 | I6: =($C6=I$1)*1 -> 0 | J6: =($C6=J$1)*1 -> 0 | K6: =($C6=K$1)*1 -> 0 | L6: =($C6=L$1)*1 -> 0 | M6: =($C6=M$1)*1 -> 0 | N6: =($C6=N$1)*1 -> 0 | ... AF6: =($C6=AF$1)*1 -> 0 | AG6: =SUM(G6:Q6) -> 0 | AH6: =SUM(U6:AA6) -> 1
B7: 6 | C7: ='input-output'!E13 -> - | G7: =SUM(G2:G6) -> 2 | H7: =SUM(H2:H6) -> 0 | I7: =SUM(I2:I6) -> 0 | J7: =SUM(J2:J6) -> 0 | K7: =SUM(K2:K6) -> 0 | L7: =SUM(L2:L6) -> 0 | M7: =SUM(M2:M6) -> 0 | N7: =SUM(N2:N6) -> 0 | ... AH7: =SUM(AH2:AH6) -> 2 | AI7: =(AG7=2)*(AH7=2) -> 0
B9: Prix pour achat en avance en ligne, prix sur place typiquement plus haut, voir sur le site
B10: Il existent souvent d’autres réductions: Séniors, handicapés etc. voir sur le site
A12: =C12&B12 -> visite simpleSagrada Familia | B12: Sagrada Familia | C12: visite simple | D12: 26€ / -30 ans : 24€ / - de 11 ans : gratuit | E12: =SUMPRODUCT($G$7:$AF$7,G12:AF12) -> 124 | G12: 26 | H12: 24 | I12: 24 | J12: 24 | K12: 24 | L12: 24 | M12: 24 | N12: 24 | O12: 24 | P12: 24 | Q12: 24 | R12: 24 | S12: 24 | T12: 24 | U12: 24 | V12: 24 | W12: 24 | X12: 24 | Y12: 24 | Z12: 24 | AA12: 0 | AB12: 0 | AC12: 0 | AD12: 0 | AE12: 0 | AF12: 0
A13: =C13&B13 -> avec guideSagrada Familia | B13: Sagrada Familia | C13: avec guide | D13: 30€ / -30 ans : 28€ / - de 11 ans : gratuit | E13: =SUMPRODUCT($G$7:$AF$7,G13:AF13) -> 144 | G13: 30 | H13: 28 | I13: 28 | J13: 28 | K13: 28 | L13: 28 | M13: 28 | N13: 28 | O13: 28 | P13: 28 | Q13: 28 | R13: 28 | S13: 28 | T13: 28 | U13: 28 | V13: 28 | W13: 28 | X13: 28 | Y13: 28 | Z13: 28 | AA13: 0 | AB13: 0 | AC13: 0 | AD13: 0 | AE13: 0 | AF13: 0
A14: =C14&B14 -> avec visite de la tourSagrada Familia | B14: Sagrada Familia | C14: avec visite de la tour | D14: 36€ / -30 ans : 34€ / - de 11 ans : gratuit | E14: =SUMPRODUCT($G$7:$AF$7,G14:AF14) -> 174 | G14: 36 | H14: 34 | I14: 34 | J14: 34 | K14: 34 | L14: 34 | M14: 34 | N14: 34 | O14: 34 | P14: 34 | Q14: 34 | R14: 34 | S14: 34 | T14: 34 | U14: 34 | V14: 34 | W14: 34 | X14: 34 | Y14: 34 | Z14: 34 | AA14: 0 | AB14: 0 | AC14: 0 | AD14: 0 | AE14: 0 | AF14: 0
A15: =C15&B15 -> avec guide et visite de la tourSagrada Familia | B15: Sagrada Familia | C15: avec guide et visite de la tour | D15: 36€ / -30 ans : 34€ / - de 11 ans : gratuit | E15: =SUMPRODUCT($G$7:$AF$7,G15:AF15) -> 194 | G15: 40 | H15: 38 | I15: 38 | J15: 38 | K15: 38 | L15: 38 | M15: 38 | N15: 38 | O15: 38 | P15: 38 | Q15: 38 | R15: 38 | S15: 38 | T15: 38 | U15: 38 | V15: 38 | W15: 38 | X15: 38 | Y15: 38 | Z15: 38 | AA15: 0 | AB15: 0 | AC15: 0 | AD15: 0 | AE15: 0 | AF15: 0
A16: =C16&B16 -> visite simpleCasa Batllo | B16: Casa Batllo | C16: visite simple | D16: 29€ / 13-17 ans : 23€ / - de 13 ans : gratuit | E16: =SUMPRODUCT($G$7:$AF$7,G16:AF16) -> 110 | G16: 29 | H16: 29 | I16: 29 | J16: 29 | K16: 29 | L16: 29 | M16: 29 | N16: 29 | O16: 29 | P16: 29 | Q16: 29 | R16: 29 | S16: 29 | T16: 23 | U16: 23 | V16: 23 | W16: 23 | X16: 23 | Y16: 0 | Z16: 0 | AA16: 0 | AB16: 0 | AC16: 0 | AD16: 0 | AE16: 0 | AF16: 0
A17: =C17&B17 -> visite simpleLa Pedrera / Casa Mila | B17: La Pedrera / Casa Mila | C17: visite simple | D17: 25€/ 12-17 ans 12.50€ / - de 12 ans : gratuit | E17: =SUMPRODUCT($G$7:$AF$7,G17:AF17) -> 100 | G17: 25 | H17: 25 | I17: 25 | J17: 25 | K17: 25 | L17: 25 | M17: 25 | N17: 25 | O17: 25 | P17: 25 | Q17: 25 | R17: 25 | S17: 25 | T17: 12.5 | U17: 12.5 | V17: 12.5 | W17: 12.5 | X17: 12.5 | Y17: 12.5 | Z17: 0 | AA17: 0 | AB17: 0 | AC17: 0 | AD17: 0 | AE17: 0 | AF17: 0
A18: =C18&B18 -> visite simplePalau Güell | B18: Palau Güell | C18: visite simple | D18: 15€/ 13-17 ans : 5€ / - de 13 ans : gratuit | E18: =SUMPRODUCT($G$7:$AF$7,G18:AF18) -> 50 | G18: 15 | H18: 15 | I18: 15 | J18: 15 | K18: 15 | L18: 15 | M18: 15 | N18: 15 | O18: 15 | P18: 15 | Q18: 15 | R18: 15 | S18: 15 | T18: 5 | U18: 5 | V18: 5 | W18: 5 | X18: 5 | Y18: 0 | Z18: 0 | AA18: 0 | AB18: 0 | AC18: 0 | AD18: 0 | AE18: 0 | AF18: 0
A19: =C19&B19 -> visite avec horaire spécifiqueCasa Vicens | B19: Casa Vicens | C19: visite avec horaire spécifique | D19: 24€/ -30 ans : 22€ / - de 12 ans : gratuit | E19: =SUMPRODUCT($G$7:$AF$7,G19:AF19) -> 114 | G19: 24 | H19: 22 | I19: 22 | J19: 22 | K19: 22 | L19: 22 | M19: 22 | N19: 22 | O19: 22 | P19: 22 | Q19: 22 | R19: 22 | S19: 22 | T19: 22 | U19: 22 | V19: 22 | W19: 22 | X19: 22 | Y19: 22 | Z19: 0 | AA19: 0 | AB19: 0 | AC19: 0 | AD19: 0 | AE19: 0 | AF19: 0
A20: =C20&B20 -> sans contrainte horaireCasa Vicens | B20: Casa Vicens | C20: sans contrainte horaire | D20: 27€/ -30 ans : 25€ / - de 12 ans : gratuit | E20: =SUMPRODUCT($G$7:$AF$7,G20:AF20) -> 129 | G20: 27 | H20: 25 | I20: 25 | J20: 25 | K20: 25 | L20: 25 | M20: 25 | N20: 25 | O20: 25 | P20: 25 | Q20: 25 | R20: 25 | S20: 25 | T20: 25 | U20: 25 | V20: 25 | W20: 25 | X20: 25 | Y20: 25 | Z20: 0 | AA20: 0 | AB20: 0 | AC20: 0 | AD20: 0 | AE20: 0 | AF20: 0
A21: =C21&B21 -> visite avec audioCasa Amatler | B21: Casa Amatler | C21: visite avec audio | D21: 21€/ 8-24 ans : 14€ / - de 8 ans : gratuit | E21: =SUMPRODUCT($G$7:$AF$7,G21:AF21) -> 84 | G21: 21 | H21: 21 | I21: 21 | J21: 21 | K21: 21 | L21: 21 | M21: 14 | N21: 14 | O21: 14 | P21: 14 | Q21: 14 | R21: 14 | S21: 14 | T21: 14 | U21: 14 | V21: 14 | W21: 14 | X21: 14 | Y21: 14 | Z21: 14 | AA21: 14 | AB21: 14 | AC21: 14 | AD21: 0 | AE21: 0 | AF21: 0
A22: =C22&B22 -> avec guideCasa Amatler | B22: Casa Amatler | C22: avec guide | D22: 23€/ 8-24 ans : 16€ / - de 8 ans : gratuit | E22: =SUMPRODUCT($G$7:$AF$7,G22:AF22) -> 94 | G22: 23 | H22: 23 | I22: 23 | J22: 23 | K22: 23 | L22: 23 | M22: 16 | N22: 16 | O22: 16 | P22: 16 | Q22: 16 | R22: 16 | S22: 16 | T22: 16 | U22: 16 | V22: 16 | W22: 16 | X22: 16 | Y22: 16 | Z22: 16 | AA22: 16 | AB22: 16 | AC22: 16 | AD22: 0 | AE22: 0
A23: =C23&B23 -> visite simplePalau de la musica | B23: Palau de la musica | C23: visite simple | D23: 20€ / Billet famille 60€ (2+2) / -10 ans : gratuit | E23: =IF(AI$7,AI23,SUMPRODUCT($G$7:$AF$7,G23:AF23)) -> 100 | G23: 20 | H23: 20 | I23: 20 | J23: 20 | K23: 20 | L23: 20 | M23: 20 | N23: 20 | O23: 20 | P23: 20 | Q23: 20 | R23: 20 | S23: 20 | T23: 20 | U23: 20 | V23: 20 | W23: 20 | X23: 20 | Y23: 20 | Z23: 20 | AA23: 20 | AB23: 0 | AC23: 0 | AD23: 0 | AE23: 0 | AF23: 0 | AI23: 60
A24: =C24&B24 -> avec audio (uniquement sur son propre téléphone)Palau de la musica | B24: Palau de la musica | C24: avec audio (uniquement sur son propre téléphone) | D24: 24€ / -10 ans : gratuit | E24: =SUMPRODUCT($G$7:$AF$7,G24:AF24) -> 120 | G24: 24 | H24: 24 | I24: 24 | J24: 24 | K24: 24 | L24: 24 | M24: 24 | N24: 24 | O24: 24 | P24: 24 | Q24: 24 | R24: 24 | S24: 24 | T24: 24 | U24: 24 | V24: 24 | W24: 24 | X24: 24 | Y24: 24 | Z24: 24 | AA24: 24 | AB24: 0 | AC24: 0 | AD24: 0 | AE24: 0 | AF24: 0
A25: =C25&B25 -> avec guidePalau de la musica | B25: Palau de la musica | C25: avec guide | D25: 24€ / Billet famille 72€ (2+2) / -10 ans : gratuit | E25: =IF(AI$7,AI25,SUMPRODUCT($G$7:$AF$7,G25:AF25)) -> 120 | G25: 24 | H25: 24 | I25: 24 | J25: 24 | K25: 24 | L25: 24 | M25: 24 | N25: 24 | O25: 24 | P25: 24 | Q25: 24 | R25: 24 | S25: 24 | T25: 24 | U25: 24 | V25: 24 | W25: 24 | X25: 24 | Y25: 24 | Z25: 24 | AA25: 24 | AB25: 0 | AC25: 0 | AD25: 0 | AE25: 0 | AF25: 0 | AI25: 72
A26: =C26&B26 -> visite simpleHospital Sant Pau | B26: Hospital Sant Pau | C26: visite simple | D26: 18€ / 12-24 ans : 12.60€ / -12 ans gratuit | E26: =SUMPRODUCT($G$7:$AF$7,G26:AF26) -> 79.2 | G26: 18 | H26: 18 | I26: 18 | J26: 18 | K26: 18 | L26: 18 | M26: 18 | N26: 18 | O26: 18 | P26: 18 | Q26: 18 | R26: 18 | S26: 12.6 | T26: 12.6 | U26: 12.6 | V26: 12.6 | W26: 12.6 | X26: 12.6 | Y26: 12.6 | Z26: 5 | AA26: 5 | AB26: 5 | AC26: 5 | AD26: 5 | AE26: 5 | AF26: 5
A27: =C27&B27 -> avec guideHospital Sant Pau | B27: Hospital Sant Pau | C27: avec guide | D27: 21€ / 12-24 ans : 14.70€ / -12 ans 5€ | E27: =SUMPRODUCT($G$7:$AF$7,G27:AF27) -> 92.4 | G27: 21 | H27: 21 | I27: 21 | J27: 21 | K27: 21 | L27: 21 | M27: 21 | N27: 21 | O27: 21 | P27: 21 | Q27: 21 | R27: 21 | S27: 14.7 | T27: 14.7 | U27: 14.7 | V27: 14.7 | W27: 14.7 | X27: 14.7 | Y27: 14.7 | Z27: 5 | AA27: 5 | AB27: 5 | AC27: 5 | AD27: 5 | AE27: 5 | AF27: 5
A28: =C28&B28 -> visite simpleMusée Picasso | B28: Musée Picasso | C28: visite simple | D28: 12€ / - de 18 ans gratuit | E28: =SUMPRODUCT($G$7:$AF$7,G28:AF28) -> 36 | G28: 12 | H28: 12 | I28: 12 | J28: 12 | K28: 12 | L28: 12 | M28: 12 | N28: 12 | O28: 12 | P28: 12 | Q28: 12 | R28: 12 | S28: 12 | T28: 0 | U28: 0 | V28: 0 | W28: 0 | X28: 0 | Y28: 0 | Z28: 0 | AA28: 0 | AB28: 0 | AC28: 0 | AD28: 0 | AE28: 0 | AF28: 0
A29: =C29&B29 -> avec audioMusée Picasso | B29: Musée Picasso | C29: avec audio | D29: 17€ / - de 18 ans 5€ | E29: =SUMPRODUCT($G$7:$AF$7,G29:AF29) -> 61 | G29: 17 | H29: 17 | I29: 17 | J29: 17 | K29: 17 | L29: 17 | M29: 17 | N29: 17 | O29: 17 | P29: 17 | Q29: 17 | R29: 17 | S29: 17 | T29: 5 | U29: 5 | V29: 5 | W29: 5 | X29: 5 | Y29: 5 | Z29: 0 | AA29: 0 | AB29: 0 | AC29: 0 | AD29: 0 | AE29: 0 | AF29: 0
A30: =C30&B30 -> visite simpleMusée Miro | B30: Musée Miro | C30: visite simple | D30: 17€ / 13-25 ans : 11€ / 0-12 ans : gratuit | E30: =SUMPRODUCT($G$7:$AF$7,G30:AF30) -> 56 | G30: 17 | H30: 17 | I30: 17 | J30: 17 | K30: 17 | L30: 11 | M30: 11 | N30: 11 | O30: 11 | P30: 11 | Q30: 11 | R30: 11 | S30: 11 | T30: 11 | U30: 11 | V30: 11 | W30: 11 | X30: 11 | Y30: 0 | Z30: 0 | AA30: 0 | AB30: 0 | AC30: 0 | AD30: 0 | AE30: 0 | AF30: 0
A31: =C31&B31 -> avec guideMusée Miro | B31: Musée Miro | C31: avec guide | D31: 24€ / 13-25 ans : 18€ / 0-12 ans : 7€ | E31: =SUMPRODUCT($G$7:$AF$7,G31:AF31) -> 91 | G31: 24 | H31: 24 | I31: 24 | J31: 24 | K31: 24 | L31: 18 | M31: 18 | N31: 18 | O31: 18 | P31: 18 | Q31: 18 | R31: 18 | S31: 18 | T31: 18 | U31: 18 | V31: 18 | W31: 18 | X31: 18 | Y31: 7 | Z31: 7 | AA31: 7 | AB31: 7 | AC31: 7 | AD31: 7 | AE31: 7 | AF31: 7
A32: =C32&B32 -> visite simpleMNAC | B32: MNAC | C32: visite simple | D32: 12€ /-16 ans : gratuit | E32: =SUMPRODUCT($G$7:$AF$7,G32:AF32) -> 48 | G32: 12 | H32: 12 | I32: 12 | J32: 12 | K32: 12 | L32: 12 | M32: 12 | N32: 12 | O32: 12 | P32: 12 | Q32: 12 | R32: 12 | S32: 12 | T32: 12 | U32: 12 | V32: 0 | W32: 0 | X32: 0 | Y32: 0 | Z32: 0 | AA32: 0 | AB32: 0 | AC32: 0 | AD32: 0 | AE32: 0 | AF32: 0
A33: =C33&B33 -> visite simpleParc Güell | B33: Parc Güell | C33: visite simple | D33: 18€ / 7-12 ans ; 13.50€ / - 7 ans : gratuit | E33: =SUMPRODUCT($G$7:$AF$7,G33:AF33) -> 85.5 | G33: 18 | H33: 18 | I33: 18 | J33: 18 | K33: 18 | L33: 18 | M33: 18 | N33: 18 | O33: 18 | P33: 18 | Q33: 18 | R33: 18 | S33: 18 | T33: 18 | U33: 18 | V33: 18 | W33: 18 | X33: 18 | Y33: 13.5 | Z33: 13.5 | AA33: 13.5 | AB33: 13.5 | AC33: 13.5 | AD33: 13.5 | AE33: 0 | AF33: 0
A34: =C34&B34 -> avec guideParc Güell | B34: Parc Güell | C34: avec guide | D34: 35€ / 7-12 ans ; 30.50€ / - 7 ans : gratuit | E34: =SUMPRODUCT($G$7:$AF$7,G34:AF34) -> 170.5 | G34: 35 | H34: 35 | I34: 35 | J34: 35 | K34: 35 | L34: 35 | M34: 35 | N34: 35 | O34: 35 | P34: 35 | Q34: 35 | R34: 35 | S34: 35 | T34: 35 | U34: 35 | V34: 35 | W34: 35 | X34: 35 | Y34: 30.5 | Z34: 30.5 | AA34: 30.5 | AB34: 30.5 | AC34: 30.5 | AD34: 30.5 | AE34: 0 | AF34: 0
C36: Total | E36: =SUM(E12:E33) -> 2206.1
